device_lat,device_long
18.569535,73.912136
18.567745,73.78481
